{"cameraMode":{"drawMode":0,"name":"Shaded","section":"Shading Mode"},"sceneLighting":false,"audioPlay":false,"sceneViewState":{"showFog":true,"showMaterialUpdate":false,"showSkybox":false,"showFlares":true,"showImageEffects":true,"showParticleSystems":true},"in2DMode":false,"pivot":{"x":-6.09999942779541,"y":0.5899999737739563,"z":1.0999999046325684},"rotation":{"x":0.2676534652709961,"y":-0.6561005115509033,"z":0.26875489950180056,"w":0.6532941460609436},"size":23.334524154663087,"orthographic":false}