{"cameraMode":{"drawMode":0,"name":"Shaded","section":"Shading Mode"},"sceneLighting":false,"audioPlay":false,"sceneViewState":{"showFog":true,"showMaterialUpdate":false,"showSkybox":false,"showFlares":true,"showImageEffects":true,"showParticleSystems":true},"in2DMode":false,"pivot":{"x":-246.66302490234376,"y":8.741094589233399,"z":-4.061947345733643},"rotation":{"x":0.13383923470973969,"y":-0.6930513381958008,"z":0.13450294733047486,"w":0.6961804032325745},"size":16.0198917388916,"orthographic":false}